MeanNN,SDNN,RMSSD,pNN50,LF,HF,LF_HF,PR
908.1818181818184,410.2207546630191,547.6853341840789,90.9090909090909,0.06638680368669758,0.06048848470919264,1.0975114355378877,66.06606606606607
