Subject,RPPG PR,GT PR,RPPG MeanNN,GT MeanNN,RPPG SDNN,GT SDNN,RPPG RMSSD,GT RMSSD,RPPG pNN50,GT pNN50,RPPG LF,GT LF,RPPG HF,GT HF,RPPG LF/HF,GT LF/HF
s42,85.6115107913669,78.09374181722964,698.1026785714286,761.7686170212766,267.586674839052,226.21497695280627,359.11946022832825,315.05532440917165,88.671875,76.59574468085107,0.03520452488101411,0.03453630370821774,0.09223275680818403,0.09526724997230963,0.3816922110896975,0.3625202125416243
s44,72.17898832684826,65.89965852377199,823.4979973297729,905.8534263959391,242.46231634022027,207.90368705455535,302.54897447920257,268.9130045236066,86.44859813084112,71.57360406091371,0.05899466256097647,0.04346596132968227,0.10946997074531363,0.0693365683333112,0.5389118327091725,0.6268836542462691
s46,82.20760468474249,88.6127928402211,723.9256678281068,669.4666353383459,225.8806335020442,117.85552697574549,312.35558929010114,142.38611594587073,82.11382113821138,38.721804511278194,0.056351553020820226,0.053028132259625736,0.07727692961049458,0.05870163134575059,0.7292157349528987,0.9033502313980315
s51,75.66052842273818,71.9768765875449,789.5069532237674,833.6010514018692,200.52102382174718,175.05237335528074,291.621473661023,256.0520390733396,81.85840707964603,76.63551401869158,0.04232519169791454,0.05004343582946318,0.11236516438155691,0.10021956813148676,0.3766753862806754,0.49933797124137325
