Subject,RPPG PR,GT PR,RPPG MeanNN,GT MeanNN,RPPG SDNN,GT SDNN,RPPG RMSSD,GT RMSSD,RPPG pNN50,GT pNN50,RPPG LF,GT LF,RPPG HF,GT HF,RPPG LF/HF,GT LF/HF
s42,74.82105932877366,70.34193998604327,791.3152926368786,844.9292452830189,182.1353726105889,149.72603636410227,223.67544019517504,199.59102234230014,76.65198237885463,55.188679245283026,0.01157395857065914,0.005201219730629563,0.04945252467628832,0.030471897311399623,0.23404181376827995,0.1706890672896752
s44,71.13549618320612,63.16563128882667,835.6146179401994,949.8836436170212,310.4753536083803,162.5842958296499,392.6416449856971,183.6766207751684,90.69767441860465,64.36170212765957,0.057139915838501115,0.009415937976652668,0.1124022569031342,0.018160134439499463,0.5083520332491459,0.5184949488133962
s46,76.99665231946436,74.61183236037292,779.2546583850931,800.5719866071429,137.2413801630389,65.24637718551045,185.01957495245426,66.12590437809246,80.0,38.392857142857146,0.021035667845984585,0.013950178241719038,0.09510735131526675,0.036885332759209605,0.221178148219631,0.3782039417344264
s51,63.412685732545135,62.98926795218568,946.182917611489,957.6370320855615,110.68489958946745,92.8807597941277,135.4460635337592,120.22005857259813,70.37037037037037,59.35828877005348,0.03186952162668897,0.0214142919070111,0.04855766991235182,0.05434152732331269,0.6563231243223676,0.39406864256140073
